{
  "hash": "11e5b151",
  "configHash": "0b2244ba",
  "lockfileHash": "dc25295d",
  "browserHash": "823c8096",
  "optimized": {
    "@angular/core": {
      "src": "../../../../../node_modules/@angular/core/fesm2022/core.mjs",
      "file": "@angular_core.js",
      "fileHash": "63ee1fc0",
      "needsInterop": false
    },
    "@angular/platform-browser": {
      "src": "../../../../../node_modules/@angular/platform-browser/fesm2022/platform-browser.mjs",
      "file": "@angular_platform-browser.js",
      "fileHash": "5103b2ef",
      "needsInterop": false
    },
    "@angular/router": {
      "src": "../../../../../node_modules/@angular/router/fesm2022/router.mjs",
      "file": "@angular_router.js",
      "fileHash": "06b6ae73",
      "needsInterop": false
    }
  },
  "chunks": {
    "chunk-ZQYC46LV": {
      "file": "chunk-ZQYC46LV.js"
    },
    "chunk-7XNSWP76": {
      "file": "chunk-7XNSWP76.js"
    }
  }
}